motif_id	motif_alt_id	sequence_name	start	stop	strand	score	p-value	q-value	matched_sequence
1-SCCGCCCCCKCCC	STREME-1	chr5	60627736	60627748	+	16.3712	5.46e-07	0.00887	cccgcccccTCCC
1-SCCGCCCCCKCCC	STREME-1	chr21	47649071	47649083	-	15.9621	1.46e-06	0.00887	CCCGCCCCCACCC
1-SCCGCCCCCKCCC	STREME-1	chr8	103666122	103666134	-	15.9621	1.46e-06	0.00887	TCCGCCCCCGCCC
1-SCCGCCCCCKCCC	STREME-1	chr21	9826363	9826375	-	15.8939	2.24e-06	0.00887	CCCGCCCCCGCCC
1-SCCGCCCCCKCCC	STREME-1	chr21	47649103	47649115	-	15.8939	2.24e-06	0.00887	CCCGCCCCCGCCC
1-SCCGCCCCCKCCC	STREME-1	chr9	91149867	91149879	-	15.8939	2.24e-06	0.00887	CCCGCCCCCGCCC
1-SCCGCCCCCKCCC	STREME-1	chr10	69644344	69644356	-	15.3182	4.18e-06	0.012	GCCGCCCCCGCCC
1-SCCGCCCCCKCCC	STREME-1	chr21	47649018	47649030	-	15.303	4.53e-06	0.012	CCCGCCCCCACCT
1-SCCGCCCCCKCCC	STREME-1	chr21	47649045	47649057	-	15.303	4.53e-06	0.012	CCCGCCCCCACCT
1-SCCGCCCCCKCCC	STREME-1	chr9	91149336	91149348	-	14.8788	5.69e-06	0.0123	CCCGCCCCCATCC
1-SCCGCCCCCKCCC	STREME-1	chr9	91149515	91149527	-	14.8788	5.69e-06	0.0123	CCCGCCCCCATCC
1-SCCGCCCCCKCCC	STREME-1	chrUn_gl000220	118593	118605	+	14.0303	9.24e-06	0.0161	CCCGCCTCCTCCC
1-SCCGCCCCCKCCC	STREME-1	chr9	91149764	91149776	-	13.9697	9.49e-06	0.0161	TCCGCACCCTCCC
1-SCCGCCCCCKCCC	STREME-1	chr9	91149414	91149426	-	13.9015	1.02e-05	0.0161	CCCGCACCCTCCC
1-SCCGCCCCCKCCC	STREME-1	chr11	118306835	118306847	+	13.9015	1.02e-05	0.0161	CTCGCCCCCTCCC
1-SCCGCCCCCKCCC	STREME-1	chr5	60627896	60627908	+	13.7727	1.19e-05	0.0176	CCCGCCCCCGGCC
1-SCCGCCCCCKCCC	STREME-1	chr20	55043523	55043535	+	13.6894	1.34e-05	0.0187	CCCGCCCACGCCC
1-SCCGCCCCCKCCC	STREME-1	chr8	103666326	103666338	-	13.2424	1.97e-05	0.026	CTCGCCCCCTCCT
1-SCCGCCCCCKCCC	STREME-1	chr20	55043434	55043446	+	13.1136	2.3e-05	0.0287	GCCGCCCACGCCC
1-SCCGCCCCCKCCC	STREME-1	chr17	80170793	80170805	+	12.9621	2.55e-05	0.0291	TCCGGCCCCTCCC
1-SCCGCCCCCKCCC	STREME-1	chr11	77705730	77705742	-	12.8333	2.87e-05	0.0291	TCCACCCCCGCCT
1-SCCGCCCCCKCCC	STREME-1	chr16	1358976	1358988	+	12.6818	3.15e-05	0.0291	cccgcccgcgccc
1-SCCGCCCCCKCCC	STREME-1	chr9	91149673	91149685	-	12.6742	3.18e-05	0.0291	CCCGCCCACATCC
1-SCCGCCCCCKCCC	STREME-1	chr9	91149742	91149754	-	12.6742	3.18e-05	0.0291	CCCGCCCACATCC
1-SCCGCCCCCKCCC	STREME-1	chr9	91149879	91149891	-	12.6742	3.18e-05	0.0291	CCCGCCCACATCC
1-SCCGCCCCCKCCC	STREME-1	chr9	91149913	91149925	-	12.6742	3.18e-05	0.0291	CCCGCCCACATCC
1-SCCGCCCCCKCCC	STREME-1	chr19	52693523	52693535	-	12.2424	4.11e-05	0.0348	GTCGCCCCCTTCC
1-SCCGCCCCCKCCC	STREME-1	chr17	80170644	80170656	+	12.0909	4.4e-05	0.0348	CCCGCCCGCACCT
1-SCCGCCCCCKCCC	STREME-1	chr8	103666096	103666108	-	12.0227	4.58e-05	0.0348	CCCGCCCGCGCCT
1-SCCGCCCCCKCCC	STREME-1	chr9	91149776	91149788	-	12.0152	4.59e-05	0.0348	CCCGCCCACATCT
1-SCCGCCCCCKCCC	STREME-1	chr19	41770052	41770064	+	11.9773	4.61e-05	0.0348	TCCGCCTCCTGCC
1-SCCGCCCCCKCCC	STREME-1	chr11	118307277	118307289	-	11.9697	4.69e-05	0.0348	GCCGCCGCCGCCC
1-SCCGCCCCCKCCC	STREME-1	chr11	118306974	118306986	-	11.7879	5.16e-05	0.0372	GCCGCCGCCTCCT
1-SCCGCCCCCKCCC	STREME-1	chr11	118306971	118306983	-	11.3333	6.47e-05	0.045	GCCGCCTCCTGCC
1-SCCGCCCCCKCCC	STREME-1	chrUn_gl000220	118864	118876	+	11.303	6.63e-05	0.045	CCCGCACCCGGCC
1-SCCGCCCCCKCCC	STREME-1	chr8	103666315	103666327	-	11.2197	6.93e-05	0.0458	CTCGCCCACGCCC
1-SCCGCCCCCKCCC	STREME-1	chr9	91149730	91149742	-	11.0379	7.43e-05	0.0477	CCCGCACTCTCCT
1-SCCGCCCCCKCCC	STREME-1	chrUn_gl000220	118503	118515	+	10.6894	8.85e-05	0.0553	CCCGGCCTCTCCC

# FIMO (Find Individual Motif Occurrences): Version 5.4.1 compiled on Nov  7 2022 at 13:03:04
# The format of this file is described at https://meme-suite.org/meme/doc/fimo-output-format.html.
# fimo --parse-genomic-coord --verbosity 1 --oc peaksSet3_promoters_nearest_gene_MEME_ChIP/fimo_out_1 --bgfile peaksSet3_promoters_nearest_gene_MEME_ChIP/background --motif 1-SCCGCCCCCKCCC peaksSet3_promoters_nearest_gene_MEME_ChIP/streme_out/streme.xml peaksSet3_promoters_nearest_gene_MEME_ChIP/peaksSet3_promoters_nearest_gene.fasta
