Query_ID	Target_ID	Optimal_offset	p-value	E-value	q-value	Overlap	Query_consensus	Target_consensus	Orientation
1-VTGASTCAB	MA0478.1	2	1.35635e-08	2.80764e-05	1.96979e-05	9	GTGACTCAC	GGATGACTCAT	+
1-VTGASTCAB	UP00103_2	4	2.43462e-08	5.03967e-05	1.96979e-05	9	GTGACTCAC	ATTGATGAGTCACCAA	+
1-VTGASTCAB	MA1135.1	1	5.51231e-08	0.000114105	1.96979e-05	9	GTGACTCAC	GATGACTCAT	+
1-VTGASTCAB	MA1138.1	1	5.51231e-08	0.000114105	1.96979e-05	9	GTGACTCAC	GATGACTCAT	+
1-VTGASTCAB	MA1144.1	1	5.51231e-08	0.000114105	1.96979e-05	9	GTGACTCAC	GATGACTCAT	+
1-VTGASTCAB	MA0476.1	1	5.80437e-08	0.00012015	1.96979e-05	9	GTGACTCAC	TGTGACTCATT	+
1-VTGASTCAB	MA1134.1	1	1.10246e-07	0.000228209	2.80601e-05	9	GTGACTCAC	GATGAGTCATCC	+
1-VTGASTCAB	MA1928.1	2	1.10246e-07	0.000228209	2.80601e-05	9	GTGACTCAC	TTGTGAGTCATA	+
1-VTGASTCAB	MA0099.3	0	1.52862e-07	0.000316424	3.45838e-05	9	GTGACTCAC	ATGAGTCATC	+
1-VTGASTCAB	MA1988.1	1	2.29293e-07	0.000474636	4.66881e-05	9	GTGACTCAC	GATGACTCATA	+
1-VTGASTCAB	MA0489.2	1	3.05724e-07	0.000632848	5.65917e-05	9	GTGACTCAC	TATGACTCATCT	+
1-VTGASTCAB	JDP2_DBD_1	0	4.12976e-07	0.000854861	7.00745e-05	9	GTGACTCAC	ATGACTCAT	+
1-VTGASTCAB	MA1130.1	2	5.66869e-07	0.00117342	8.87883e-05	9	GTGACTCAC	GGATGAGTCATC	+
1-VTGASTCAB	MA0655.1	0	1.08926e-06	0.00225478	0.000147863	9	GTGACTCAC	ATGACTCAT	+
1-VTGASTCAB	JDP2_full_1	0	1.08926e-06	0.00225478	0.000147863	9	GTGACTCAC	ATGACTCAT	+
1-VTGASTCAB	MA1137.1	2	1.60627e-06	0.00332499	0.000204416	9	GTGACTCAC	TGATGACTCATAC	+
1-VTGASTCAB	Jdp2_DBD_1	0	1.73208e-06	0.0035854	0.00020746	9	GTGACTCAC	ATGACTCAT	+
1-VTGASTCAB	MA1141.1	2	2.06488e-06	0.0042743	0.000222428	9	GTGACTCAC	GGATGAGTCATCG	+
1-VTGASTCAB	MA1101.2	5	2.07552e-06	0.00429633	0.000222428	9	GTGACTCAC	AAAGCATGACTCATCATTT	+
1-VTGASTCAB	MA1142.1	1	2.74445e-06	0.00568101	0.00027941	9	GTGACTCAC	GATGACTCAT	+
1-VTGASTCAB	MA1128.1	2	3.36658e-06	0.00696882	0.000326427	9	GTGACTCAC	TGATGACTCATCC	+
1-VTGASTCAB	MA0477.2	2	4.28134e-06	0.00886237	0.000396254	9	GTGACTCAC	TGATGACTCATCC	+
1-VTGASTCAB	MA1633.2	0	4.75001e-06	0.00983251	0.000420516	9	GTGACTCAC	ATGACTCAT	+
1-VTGASTCAB	MA0491.2	2	5.42675e-06	0.0112334	0.00046041	9	GTGACTCAC	TGATGACTCATCC	+
1-VTGASTCAB	MA0841.1	1	6.39469e-06	0.013237	0.000500798	9	GTGACTCAC	CATGACTCATC	+
1-VTGASTCAB	NFE2_DBD	1	6.39469e-06	0.013237	0.000500798	9	GTGACTCAC	CATGACTCATC	+
1-VTGASTCAB	MA1132.1	1	1.30225e-05	0.0269567	0.000982084	9	GTGACTCAC	GATGACTCAT	+
1-VTGASTCAB	MA0490.2	2	1.58673e-05	0.0328453	0.00115388	9	GTGACTCAC	AAATGACTCATTT	+
1-VTGASTCAB	MA0462.2	1	1.93114e-05	0.0399745	0.00131071	9	GTGACTCAC	TATGACTCATA	+
1-VTGASTCAB	MA1634.1	1	1.93114e-05	0.0399745	0.00131071	9	GTGACTCAC	TATGACTCATA	+
1-VTGASTCAB	MA0835.2	1	6.46461e-05	0.133817	0.00424617	9	GTGACTCAC	TATGACTCATA	+
1-VTGASTCAB	MA0591.1	3	8.35002e-05	0.172845	0.00531317	9	GTGACTCAC	AGGATGACTCAGCAC	+
1-VTGASTCAB	MA0501.1	0	0.000126672	0.262211	0.00781596	9	GTGACTCAC	ATGACTCAGCAATTT	+
1-VTGASTCAB	MA0150.2	4	0.000143669	0.297394	0.00860398	9	GTGACTCAC	CAGCATGACTCAGCA	+
1-VTGASTCAB	MA0089.2	3	0.000230731	0.477613	0.0134232	9	GTGACTCAC	AGAATGACTCAGCAAT	+
2-RACCACAG	MA0002.2	1	2.35691e-05	0.048788	0.0975759	8	GACCACAG	AAACCACAGAC	-
2-RACCACAG	ZBTB7A_DBD	3	0.000470059	0.973023	0.748781	8	GACCACAG	GGCGACCACCGA	+
5-AAAGGAAT	UP00101_2	8	0.000231647	0.479508	0.717007	8	AAAGGAAT	AAATAGACAAAGGAAT	+
5-AAAGGAAT	UP00054_1	8	0.000443527	0.9181	0.717007	8	AAAGGAAT	TATAGATCAAAGGAAAA	+
6-GATGWTTGCATTCAA	LHX6_full_3	-2	5.31292e-05	0.109978	0.109978	12	GATGTTTGCATTCAA	TGATTGCAATCA	+
6-GATGWTTGCATTCAA	Lhx8_DBD_3	-2	0.000181341	0.375376	0.187688	12	GATGTTTGCATTCAA	TAATTGCAATCA	+
7-CCCCGCC	MA0742.2	0	2.91893e-06	0.0060422	0.00662505	7	CCCCGCC	CCCCGCCCC	-
7-CCCCGCC	MA0516.3	0	4.68398e-06	0.00969584	0.00662505	7	CCCCGCC	CCCCGCCCC	-
7-CCCCGCC	MA1513.1	1	4.86489e-06	0.0100703	0.00662505	7	CCCCGCC	GCCCCGCCCCC	+
7-CCCCGCC	MA0740.2	0	8.42944e-06	0.0174489	0.00688757	7	CCCCGCC	CCCCGCCCC	-
7-CCCCGCC	MA1511.2	0	8.42944e-06	0.0174489	0.00688757	7	CCCCGCC	CCCCGCCCC	-
7-CCCCGCC	MA1959.1	0	1.04222e-05	0.021574	0.00709655	7	CCCCGCC	CCCCGCCCC	-
7-CCCCGCC	MA0079.5	0	1.46411e-05	0.030307	0.00747688	7	CCCCGCC	CCCCGCCCC	-
7-CCCCGCC	MA0685.2	0	1.46411e-05	0.030307	0.00747688	7	CCCCGCC	CCCCGCCCC	-
7-CCCCGCC	UP00000_2	4	2.38961e-05	0.0494649	0.0108473	7	CCCCGCC	TACGCCCCGCCACTCTG	+
7-CCCCGCC	MA0493.2	0	3.18026e-05	0.0658314	0.0129927	7	CCCCGCC	CCCCGCCCC	-
7-CCCCGCC	MA1961.1	1	4.7969e-05	0.0992959	0.0178158	7	CCCCGCC	CCCCCGCCCCCC	-
7-CCCCGCC	UP00043_2	2	8.83806e-05	0.182948	0.0277748	7	CCCCGCC	ATCCCCGCCCCTAAAA	+
7-CCCCGCC	UP00093_1	4	8.83806e-05	0.182948	0.0277748	7	CCCCGCC	TCGACCCCGCCCCTAT	+
7-CCCCGCC	MA0599.1	1	9.77427e-05	0.202327	0.0285229	7	CCCCGCC	GCCCCGCCCC	+
7-CCCCGCC	UP00033_2	3	0.000116605	0.241372	0.0317586	7	CCCCGCC	TCACCCCGCCCCTAATT	+
7-CCCCGCC	SP1_DBD	1	0.000144805	0.299746	0.0369744	7	CCCCGCC	ACCCCGCCCCC	+
7-CCCCGCC	UP00099_2	4	0.000156224	0.323383	0.0375436	7	CCCCGCC	CTATCCCCGCCCTATT	+
7-CCCCGCC	MA1564.1	1	0.000263964	0.546406	0.0599115	7	CCCCGCC	GCCACGCCCCCC	+
7-CCCCGCC	MA0162.4	0	0.000302108	0.625365	0.0649601	7	CCCCGCC	CCACGCCCACGCCC	+
7-CCCCGCC	MA1515.1	2	0.000343428	0.710896	0.0670273	7	CCCCGCC	CACCACGCCCA	+
7-CCCCGCC	MA0741.1	1	0.000360942	0.747149	0.0670273	7	CCCCGCC	GCCACGCCCCC	+
7-CCCCGCC	KLF16_DBD	1	0.000360942	0.747149	0.0670273	7	CCCCGCC	GCCACGCCCCC	+
7-CCCCGCC	SP3_DBD	1	0.000379448	0.785457	0.0674003	7	CCCCGCC	GCCACGCCCCC	+
7-CCCCGCC	MA1630.2	2	0.000479023	0.991578	0.0716778	7	CCCCGCC	CTCCCCTCCCCC	-
7-CCCCGCC	MA0746.2	2	0.000480766	0.995186	0.0716778	7	CCCCGCC	GGCCACGCCCACC	+
9-ATGACTAA	MA1633.2	0	0.00027783	0.575107	0.180359	8	ATGACTAA	ATGACTCAT	+
9-ATGACTAA	MA1142.1	1	0.000307357	0.636228	0.180359	8	ATGACTAA	GATGACTCAT	+
9-ATGACTAA	MA0655.1	0	0.000457503	0.947032	0.180359	8	ATGACTAA	ATGACTCAT	+
9-ATGACTAA	JDP2_full_1	0	0.000457503	0.947032	0.180359	8	ATGACTAA	ATGACTCAT	+
15-AATCCC	MA0682.2	2	6.17248e-05	0.12777	0.0589257	6	AATCCC	CTAATCCC	+
15-AATCCC	MA0714.1	3	8.22989e-05	0.170359	0.0589257	6	AATCCC	CTTAATCCC	+
15-AATCCC	PITX3_DBD	3	8.22989e-05	0.170359	0.0589257	6	AATCCC	CTTAATCCC	+
15-AATCCC	UP00160_1	6	0.000100322	0.207667	0.0589257	6	AATCCC	ATAGTTAATCCCCCTCA	-
15-AATCCC	UP00208_1	7	0.000100322	0.207667	0.0589257	6	AATCCC	GAAATTTAATCCCTCTA	-
15-AATCCC	UP00216_1	6	0.000100322	0.207667	0.0589257	6	AATCCC	GTAGTTAATCCCCTTAA	-
15-AATCCC	UP00239_1	6	0.000100322	0.207667	0.0589257	6	AATCCC	ATAGTTAATCCCCCTCA	-
15-AATCCC	PITX1_DBD	3	0.000132006	0.273252	0.0676697	6	AATCCC	CTTAATCCC	+
15-AATCCC	MA0056.2	2	0.000164591	0.340703	0.0676697	6	AATCCC	CAAATCCCCACTT	+
15-AATCCC	MA1547.2	2	0.000170274	0.352468	0.0676697	6	AATCCC	TTAATCCC	+
15-AATCCC	PITX1_full_2	2	0.000205684	0.425766	0.0676697	6	AATCCC	TTAATCCC	+
15-AATCCC	UP00265_1	7	0.000226306	0.468452	0.0676697	6	AATCCC	GGCAGCTAATCCCCCT	-
15-AATCCC	UP00208_2	7	0.000246876	0.511034	0.0676697	6	AATCCC	GATAATTAATCCCTCTT	+
15-AATCCC	UP00143_1	7	0.000246876	0.511034	0.0676697	6	AATCCC	GATAATTAATCCCTTCC	-
15-AATCCC	UP00153_1	6	0.000246876	0.511034	0.0676697	6	AATCCC	ATTGTTAATCCCTCTAA	-
15-AATCCC	UP00229_1	7	0.000395965	0.819647	0.0957666	6	AATCCC	ATAAATTAATCCCCTCC	-
15-AATCCC	UP00267_1	7	0.000395965	0.819647	0.0957666	6	AATCCC	GACAATTAATCCCTACA	-
15-AATCCC	MA0648.1	3	0.000461828	0.955983	0.0999385	6	AATCCC	GCTAATCCCC	+
15-AATCCC	GSC_full	3	0.000461828	0.955983	0.0999385	6	AATCCC	GCTAATCCCC	+

# Tomtom (Motif Comparison Tool): Version 5.4.1 compiled on Nov  7 2022 at 13:03:06
# The format of this file is described at https://meme-suite.org/meme/doc/tomtom-output-format.html.
# tomtom -verbosity 1 -oc peaksSet1_enhancers_nearest_gene_MEME_ChIP/streme_tomtom_out -min-overlap 5 -dist pearson -evalue -thresh 1 -no-ssc peaksSet1_enhancers_nearest_gene_MEME_ChIP/streme_out/streme.xml /wistar/gardini/tools/meme/db/motif_databases/MOUSE/uniprobe_mouse.meme /wistar/gardini/tools/meme/db/motif_databases/JASPAR/JASPAR2022_CORE_vertebrates_non-redundant_v2.meme /wistar/gardini/tools/meme/db/motif_databases/EUKARYOTE/jolma2013.meme
