motif_ID	motif_ALT_ID	motif_P-value	seq_ID	seq_Score	seq_Class	is_holdout?
1-CTYAGCCTCCCRA	STREME-1	2.4e-001	chr2:178089383-178089690	21.33	tp	0
1-CTYAGCCTCCCRA	STREME-1	2.4e-001	chr14:35016828-35018123	21.33	tp	0
1-CTYAGCCTCCCRA	STREME-1	2.4e-001	chr1:28840741-28843017	21.33	tp	0
1-CTYAGCCTCCCRA	STREME-1	2.4e-001	chr19:55873977-55876372	19.95	tp	0
1-CTYAGCCTCCCRA	STREME-1	2.4e-001	chr14:62225437-62225885	19.95	tp	0
1-CTYAGCCTCCCRA	STREME-1	2.4e-001	chr6:89795635-89796371	19.95	tp	0
1-CTYAGCCTCCCRA	STREME-1	2.4e-001	chr1:147994051-147994874	18.76	tp	0
1-CTYAGCCTCCCRA	STREME-1	2.4e-001	chr1:148604598-148604943	18.76	tp	0
1-CTYAGCCTCCCRA	STREME-1	2.4e-001	chr1:148241381-148242244	18.76	tp	0
1-CTYAGCCTCCCRA	STREME-1	2.4e-001	chr19:16214176-16214929	18.49	tp	0
1-CTYAGCCTCCCRA	STREME-1	2.4e-001	chr6:74223348-74224537	18.36	tp	0
1-CTYAGCCTCCCRA	STREME-1	2.4e-001	chr11:62608098-62609403	17.75	tp	0
1-CTYAGCCTCCCRA	STREME-1	2.4e-001	chr1:45196214-45196705	17.75	tp	0
1-CTYAGCCTCCCRA	STREME-1	2.4e-001	chr19:55910114-55911506	17.75	tp	0
1-CTYAGCCTCCCRA	STREME-1	2.4e-001	chr19:45976903-45980518	17.75	tp	0
1-CTYAGCCTCCCRA	STREME-1	2.4e-001	chr7:22901105-22901823	17.75	tp	0
1-CTYAGCCTCCCRA	STREME-1	2.4e-001	chr15:33030792-33031428	17.50	tp	0
1-CTYAGCCTCCCRA	STREME-1	2.4e-001	chr10:75677148-75678196	16.82	tp	0
1-CTYAGCCTCCCRA	STREME-1	2.4e-001	chr12:120728827-120729337	16.71	tp	0
1-CTYAGCCTCCCRA	STREME-1	2.4e-001	chr19:18382538-18383626	15.99	tp	1
1-CTYAGCCTCCCRA	STREME-1	2.4e-001	chr22:39706120-39706534	15.68	tp	0
1-CTYAGCCTCCCRA	STREME-1	2.4e-001	chr9:127997059-127998047	14.82	tp	0
1-CTYAGCCTCCCRA	STREME-1	2.4e-001	chr12:52451467-52452995	12.59	tp	0
1-CTYAGCCTCCCRA	STREME-1	2.4e-001	chr15:39878582-39879222	12.42	tp	0
1-CTYAGCCTCCCRA	STREME-1	2.4e-001	chr7:5563305-5566526	11.20	tp	1
1-CTYAGCCTCCCRA	STREME-1	2.4e-001	chr19:8439567-8440624	10.92	tp	0
1-CTYAGCCTCCCRA	STREME-1	2.4e-001	chr7:5557506-5557914	10.54	tp	0
1-CTYAGCCTCCCRA	STREME-1	2.4e-001	chr2:85773281-85774152	9.79	tp	0
#
2-ATCGCTTGA	STREME-2	7.6e-001	chr19:16214176-16214929	18.02	tp	0
2-ATCGCTTGA	STREME-2	7.6e-001	chr14:35016828-35018123	18.02	tp	0
2-ATCGCTTGA	STREME-2	7.6e-001	chr10:75677148-75678196	18.02	tp	0
2-ATCGCTTGA	STREME-2	7.6e-001	chr12:120728827-120729337	18.02	tp	0
2-ATCGCTTGA	STREME-2	7.6e-001	chr1:145382804-145383362	15.62	tp	0
2-ATCGCTTGA	STREME-2	7.6e-001	chr19:55873977-55876372	15.17	tp	0
2-ATCGCTTGA	STREME-2	7.6e-001	chr14:62225437-62225885	15.17	tp	0
2-ATCGCTTGA	STREME-2	7.6e-001	chr15:33030792-33031428	15.17	tp	0
2-ATCGCTTGA	STREME-2	7.6e-001	chr19:8439567-8440624	15.17	tp	0
2-ATCGCTTGA	STREME-2	7.6e-001	chr3:185630416-185631193	15.17	tp	0
2-ATCGCTTGA	STREME-2	7.6e-001	chr2:85773281-85774152	15.17	tp	0
2-ATCGCTTGA	STREME-2	7.6e-001	chr7:5563305-5566526	15.17	tp	1
2-ATCGCTTGA	STREME-2	7.6e-001	chr11:62608098-62609403	14.03	tp	0
2-ATCGCTTGA	STREME-2	7.6e-001	chr7:5558242-5558802	13.61	tp	0
2-ATCGCTTGA	STREME-2	7.6e-001	chr11:65211756-65212662	13.38	tp	0
2-ATCGCTTGA	STREME-2	7.6e-001	chr1:17222517-17224164	13.23	tp	0
2-ATCGCTTGA	STREME-2	7.6e-001	chr1:16839048-16840782	13.23	tp	0
2-ATCGCTTGA	STREME-2	7.6e-001	chr12:52445100-52451231	13.09	tp	0
2-ATCGCTTGA	STREME-2	7.6e-001	chr3:193856409-193857928	13.09	tp	0
2-ATCGCTTGA	STREME-2	7.6e-001	chr15:65597032-65598091	12.30	tp	0
2-ATCGCTTGA	STREME-2	7.6e-001	chr1:173830802-173831837	12.30	fp	1
2-ATCGCTTGA	STREME-2	7.6e-001	chr11:65214588-65216331	12.27	tp	0
2-ATCGCTTGA	STREME-2	7.6e-001	chr17:8076186-8076846	12.21	tp	0
2-ATCGCTTGA	STREME-2	7.6e-001	chr7:22901105-22901823	12.15	tp	0
#
3-CCAGCCTGGM	STREME-3	1.0e+000	chr6:74223348-74224537	15.13	tp	0
3-CCAGCCTGGM	STREME-3	1.0e+000	chr19:55873977-55876372	15.13	tp	0
3-CCAGCCTGGM	STREME-3	1.0e+000	chr1:28840741-28843017	15.13	tp	0
3-CCAGCCTGGM	STREME-3	1.0e+000	chr1:150539564-150548773	14.39	tp	0
3-CCAGCCTGGM	STREME-3	1.0e+000	chr4:74963435-74963854	14.39	tp	0
3-CCAGCCTGGM	STREME-3	1.0e+000	chr9:127997059-127998047	14.39	tp	0
3-CCAGCCTGGM	STREME-3	1.0e+000	chr15:33013557-33014328	13.53	tp	0
3-CCAGCCTGGM	STREME-3	1.0e+000	chr14:62225437-62225885	13.53	tp	0
3-CCAGCCTGGM	STREME-3	1.0e+000	chr19:8439567-8440624	13.53	tp	0
3-CCAGCCTGGM	STREME-3	1.0e+000	chr3:185630416-185631193	13.53	tp	0
3-CCAGCCTGGM	STREME-3	1.0e+000	chr7:5557506-5557914	13.53	tp	0
3-CCAGCCTGGM	STREME-3	1.0e+000	chr19:13949441-13950705	13.29	tp	0
3-CCAGCCTGGM	STREME-3	1.0e+000	chr7:100781588-100784379	12.90	tp	0
3-CCAGCCTGGM	STREME-3	1.0e+000	chr5:172195486-172196288	12.89	fp	0
3-CCAGCCTGGM	STREME-3	1.0e+000	chr1:45196214-45196705	12.52	tp	0
3-CCAGCCTGGM	STREME-3	1.0e+000	chr17:79813376-79813721	12.52	tp	0
3-CCAGCCTGGM	STREME-3	1.0e+000	chr11:65197221-65198281	12.42	tp	0
3-CCAGCCTGGM	STREME-3	1.0e+000	chr1:37951128-37951645	11.99	tp	0
3-CCAGCCTGGM	STREME-3	1.0e+000	chr11:65214588-65216331	11.99	tp	0
3-CCAGCCTGGM	STREME-3	1.0e+000	chr20:47905986-47906967	11.99	tp	0
3-CCAGCCTGGM	STREME-3	1.0e+000	chr16:3073165-3073527	11.93	tp	0
3-CCAGCCTGGM	STREME-3	1.0e+000	chr6:89795635-89796371	11.93	tp	0
3-CCAGCCTGGM	STREME-3	1.0e+000	chr17:19015256-19015626	11.90	tp	0
3-CCAGCCTGGM	STREME-3	1.0e+000	chr19:12904007-12906291	11.71	tp	0
3-CCAGCCTGGM	STREME-3	1.0e+000	chr5:55228892-55230486	11.69	tp	0
3-CCAGCCTGGM	STREME-3	1.0e+000	chr11:62608098-62609403	11.50	tp	0
3-CCAGCCTGGM	STREME-3	1.0e+000	chr7:5561665-5563014	11.50	tp	0
3-CCAGCCTGGM	STREME-3	1.0e+000	chr19:39901100-39903506	11.50	fp	0
3-CCAGCCTGGM	STREME-3	1.0e+000	chr4:74609560-74611322	10.37	tp	0
3-CCAGCCTGGM	STREME-3	1.0e+000	chr15:33030792-33031428	10.27	tp	0
3-CCAGCCTGGM	STREME-3	1.0e+000	chr6:132269335-132269754	10.06	tp	0
3-CCAGCCTGGM	STREME-3	1.0e+000	chr11:61730420-61731958	9.97	fp	1
3-CCAGCCTGGM	STREME-3	1.0e+000	chr11:65661045-65662141	9.88	tp	0
3-CCAGCCTGGM	STREME-3	1.0e+000	chr19:1260012-1261188	9.82	tp	0
3-CCAGCCTGGM	STREME-3	1.0e+000	chr11:65216488-65217540	9.82	fp	1
3-CCAGCCTGGM	STREME-3	1.0e+000	chr7:22901105-22901823	9.81	tp	0
3-CCAGCCTGGM	STREME-3	1.0e+000	chr19:1260012-1261188	9.81	fp	0
3-CCAGCCTGGM	STREME-3	1.0e+000	chr11:65211756-65212662	9.72	tp	0
3-CCAGCCTGGM	STREME-3	1.0e+000	chrX:12995389-12997541	9.63	tp	0
3-CCAGCCTGGM	STREME-3	1.0e+000	chr19:3970950-3971917	9.55	fp	0
3-CCAGCCTGGM	STREME-3	1.0e+000	chr3:134072845-134073233	9.47	tp	0
3-CCAGCCTGGM	STREME-3	1.0e+000	chr1:926674-927110	9.08	tp	0
3-CCAGCCTGGM	STREME-3	1.0e+000	chr19:3970950-3971917	8.96	tp	0
3-CCAGCCTGGM	STREME-3	1.0e+000	chr7:2913736-2914256	8.79	tp	0
3-CCAGCCTGGM	STREME-3	1.0e+000	chr6:44223819-44224359	8.77	tp	0
