motif_ID	motif_ALT_ID	motif_Score	seq_ID	seq_Score	seq_Class	is_holdout?
1-SCCGCCCCCKCCC	STREME-1	2.6e-006	chr8:103665922-103666400	14.16	tp	0
1-SCCGCCCCCKCCC	STREME-1	2.6e-006	chr21:47648898-47649277	14.02	tp	0
1-SCCGCCCCCKCCC	STREME-1	2.6e-006	chr5:60627556-60627984	13.96	tp	0
1-SCCGCCCCCKCCC	STREME-1	2.6e-006	chr9:91149100-91149982	13.60	tp	0
1-SCCGCCCCCKCCC	STREME-1	2.6e-006	chr10:69644114-69644598	13.57	tp	0
1-SCCGCCCCCKCCC	STREME-1	2.6e-006	chr19:52693294-52693771	12.06	tp	0
1-SCCGCCCCCKCCC	STREME-1	2.6e-006	chr20:55043268-55043588	11.75	tp	0
1-SCCGCCCCCKCCC	STREME-1	2.6e-006	chr11:77705592-77705939	11.61	tp	0
1-SCCGCCCCCKCCC	STREME-1	2.6e-006	chr19:41769584-41770537	11.55	tp	0
1-SCCGCCCCCKCCC	STREME-1	2.6e-006	chr17:80170408-80170856	11.14	tp	0
1-SCCGCCCCCKCCC	STREME-1	2.6e-006	chr11:118306699-118307315	10.96	tp	0
1-SCCGCCCCCKCCC	STREME-1	2.6e-006	chrUn_gl000220:117262-120425	10.43	tp	0
1-SCCGCCCCCKCCC	STREME-1	2.6e-006	chr21:9825637-9826442	9.18	tp	0
#
2-GCAGCCGGAS	STREME-2	4.3e-005	chr10:69644114-69644598	15.21	tp	0
2-GCAGCCGGAS	STREME-2	4.3e-005	chr5:60627556-60627984	13.48	tp	0
2-GCAGCCGGAS	STREME-2	4.3e-005	chr19:41769584-41770537	13.05	tp	0
2-GCAGCCGGAS	STREME-2	4.3e-005	chrX:77359177-77359946	12.76	tp	0
2-GCAGCCGGAS	STREME-2	4.3e-005	chr19:52693294-52693771	10.39	tp	0
2-GCAGCCGGAS	STREME-2	4.3e-005	chr20:55043268-55043588	9.86	tp	0
2-GCAGCCGGAS	STREME-2	4.3e-005	chr3:42641777-42642391	9.23	tp	0
2-GCAGCCGGAS	STREME-2	4.3e-005	chr8:103665922-103666400	9.18	tp	0
2-GCAGCCGGAS	STREME-2	4.3e-005	chr21:9825637-9826442	7.86	tp	0
2-GCAGCCGGAS	STREME-2	4.3e-005	chr17:80170408-80170856	5.98	tp	0
2-GCAGCCGGAS	STREME-2	4.3e-005	chrUn_gl000220:117262-120425	5.83	tp	0
#
3-AACCCCATC	STREME-3	4.6e-004	chr10:69644114-69644598	15.53	tp	0
3-AACCCCATC	STREME-3	4.6e-004	chr11:118306699-118307315	13.38	tp	0
3-AACCCCATC	STREME-3	4.6e-004	chr3:42641777-42642391	12.02	tp	0
3-AACCCCATC	STREME-3	4.6e-004	chr16:1358845-1359417	11.80	tp	0
3-AACCCCATC	STREME-3	4.6e-004	chr19:41769584-41770537	10.40	tp	0
3-AACCCCATC	STREME-3	4.6e-004	chr21:9826809-9827558	10.15	tp	0
3-AACCCCATC	STREME-3	4.6e-004	chr20:55043268-55043588	9.98	tp	0
3-AACCCCATC	STREME-3	4.6e-004	chrX:77359177-77359946	9.01	tp	0
3-AACCCCATC	STREME-3	4.6e-004	chr21:9825637-9826442	8.57	tp	0
#
4-GCCTCCCVCGCS	STREME-4	1.3e-003	chr17:80170408-80170856	15.03	tp	0
4-GCCTCCCVCGCS	STREME-4	1.3e-003	chr11:118306699-118307315	11.96	tp	0
4-GCCTCCCVCGCS	STREME-4	1.3e-003	chr10:69644114-69644598	11.67	tp	0
4-GCCTCCCVCGCS	STREME-4	1.3e-003	chr21:47648898-47649277	11.53	tp	0
4-GCCTCCCVCGCS	STREME-4	1.3e-003	chr16:1358845-1359417	10.89	tp	0
4-GCCTCCCVCGCS	STREME-4	1.3e-003	chr21:9825637-9826442	10.79	tp	0
4-GCCTCCCVCGCS	STREME-4	1.3e-003	chr9:91149100-91149982	9.51	tp	0
4-GCCTCCCVCGCS	STREME-4	1.3e-003	chr5:60627556-60627984	9.35	tp	0
#
5-MCGCTCCG	STREME-5	3.6e-003	chr20:55043268-55043588	12.77	tp	0
5-MCGCTCCG	STREME-5	3.6e-003	chr17:80170408-80170856	10.39	tp	0
5-MCGCTCCG	STREME-5	3.6e-003	chr19:41769584-41770537	10.39	tp	0
5-MCGCTCCG	STREME-5	3.6e-003	chr16:1358845-1359417	10.09	tp	0
5-MCGCTCCG	STREME-5	3.6e-003	chr19:52693294-52693771	9.54	tp	0
5-MCGCTCCG	STREME-5	3.6e-003	chrUn_gl000220:117262-120425	8.86	tp	0
5-MCGCTCCG	STREME-5	3.6e-003	chrX:77359177-77359946	6.71	tp	0
